Repeat,Type
AAACAGCCGCCTTCGGGCGGCTGTGTGTTGAAAC,I-C_Fwd
AATCCCCGAAAGGGGACGGAAAC,I-C_Fwd
ACAGCCGCCTTCGGGCGGCTGTGTGTTGAAAC,I-C_Fwd
ACCAGCCGCCTTCAGGCGGCTGTGTGTTGAAAC,I-C_Fwd
ACGCTAGCAGTTCAGAAATCGCAGGCCAACCGCAAC,I-C_Fwd
AGAGTAAGACCTAAAGAAAAAACGTCCCTACGTAAA,I-C_Fwd
AGCCGCCTTCGGGCGGCTGTGTGTTGAAA,I-C_Fwd
AGCCGCCTTCGGGCGGCTGTGTGTTGAAAC,I-C_Fwd
ATGGTCCCCGCGCATGCGGGGGTGGTCCC,I-E_fwd
ATGTTCCCCGCGCCAGCGGGGATAAACCG,I-E_fwd
ATTCACTGCCGCACAGGCAGCTTAGAAA,I-F_Fwd
ATTTTACCCGCACGAGCGGGGGTGATCC,I-E_fwd
CAGCCACCCTCGCGGGTGGCTGTGTATTGAAAC,I-C_Fwd
CAGCCGCCTCCGCGCGGCTGTGTGTTGAAAC,I-C_Fwd
CAGCCGCCTTCAGGCGGCTGTGTGTTGAAAC,I-C_Fwd
CAGCCGCCTTCAGGCGGCTGTGTGTTGAAACA,I-C_Fwd
CAGCCGCCTTCGGGCGGCTGTGTGTTGAAA,I-C_Fwd
CAGCCGCCTTCGGGCGGCTGTGTGTTGAAAC,I-C_Fwd
CAGCCGCCTTCGGGCGGCTGTGTGTTGAAACC,I-C_Fwd
CATCACTGCCGTATAGGCAGCTTAGAAA,I-F_Fwd
CCAGCCGCCTTCAGGCGGCTGTGTGTTGAA,I-C_Fwd
CCAGCCGCCTTCAGGCGGCTGTGTGTTGAAAC,I-C_Fwd
CCAGCCGCCTTCAGGCGGCTGTGTGTTGAAACA,I-C_Fwd
CCAGCCGCCTTCAGGCGGCTGTGTGTTGAAACAG,I-C_Fwd
CCAGCCGCCTTCAGGCGGCTGTGTGTTGAAACC,I-C_Fwd
CCAGCCGCCTTCGGGCGGCTGTGTGTTGAAAC,I-C_Fwd
CCAGCCGCCTTCGGGCGGCTGTGTGTTGAAACT,I-C_Fwd
CCAGCCGCCTTCGGGCGGCTGTGTGTTGAAACTGA,I-C_Fwd
CCAGCCGCCTTTAGGCGGCTGTGTGTTGAAAC,I-C_Fwd
CCAGCTACGTACGCGTAGCTGTGAGTTGAAAC,I-C_Fwd
CCCAGCCGCCTTCAGGCGGCTGTGTGTTGAAAC,I-C_Fwd
CCCAGCCGCCTTCAGGCGGCTGTGTGTTGAAACT,I-C_Fwd
CCCAGCCGCCTTCGGGCGGCTGTGTGTTGAAAC,I-C_Fwd
CCCAGCCGCCTTCGGGCGGCTGTGTGTTGAAACA,I-C_Fwd
CCCCATACGGGCGAGTGGATTGAAAT,I-C_Fwd
CCCTGTGTGGGTGCGTGGATTGAAAC,I-C_Fwd
CCGATCCCCGCACGAGCGGGGATGAACCG,I-E_fwd
CCGATCCCCGCACGGGCGGGGATGAACCG,I-E_fwd
CCGATCCCCGCAGGCGCGGGGCTCAACCG,I-E_fwd
CCGGCTACCTACGCGTAGCCGTGTGTTGAAAC,I-C_Fwd
CCGGCTACCTACGCGTAGCCGTGTGTTGAAACA,I-C_Fwd
CCGGCTACCTACGCGTAGCTGAGAGTTGAAAC,I-C_Fwd
CCGGCTATCTACGCATAGTCGTGTGTTGAAAC,I-C_Fwd
CCGTTCCCCGCACGCGCGGGGATGTCCCG,I-E_fwd
CCGTTCCCCGCAGGCGCGGGGATCAACCG,I-E_fwd
CCGTTCCCCGCAGTCGCGGGGATGAACCG,I-E_fwd
CCGTTCCCCGCATGGCCGGGGATAAACCG,I-E_fwd
CCGTTCCCCGCGCGAGCGGGGATAAACCG,I-E_fwd
CCTCGCTGCCGCACAGGCAGCTCAGAAG,I-F_Fwd
CCTGCGCCCGGCCCTCGCGCCGGGCGAGGATCGCAAC,I-C_Fwd
CGATTCCCCGCAGGTGCGGGGATAAACCG,I-E_fwd
CGCGCCCCGCACGGGGCGCGTGGATTGAAAC,I-C_Fwd
CGGCTCCAGCCGCCTTCGGGCGGCTGTGTGTTGAAAC,I-C_Fwd
CGTCCTCCCCACGCACGTGGGGGTGCTCCG,I-E_fwd
CGTCCTGGCCGTACTCGTCCTGCTGGTAGCCG,I-E_fwd
CGTCGCACTCTACATGAGTGCGTGGATTGAAAT,I-C_Fwd
CGTCGCCTCCCTCGCGGAGGCGTGGATTGAAAC,I-C_Fwd
CGTTCGCTGCCGCATAGGCAGCTCAGAAA,I-F_Fwd
CGTTCGTCATCGCCCAGATGATTTAGAAA,I-F_Fwd
CTATGCTTGTTACTGATTTTGGAATTACTAAATTTCCAGTAAA,I-C_Fwd
CTATTCCCCACTCATGTGGGGATGAACCG,I-E_fwd
CTGCTCCCCGCACACGCGGGGATGGTCCC,I-E_fwd
CTGCTCCCCGCACACGCGGGGTTGGTCC,I-E_fwd
CTGCTCCCCGCACACGTGGGGATGAACCG,I-E_fwd
CTGCTCCCCGCACCCGCGGGGATGG,I-E_fwd
CTGCTCCCCGCACCCGCGGGGATGGCCCC,I-E_fwd
CTGCTCCCCGCACCCGCGGGGATGGTCCC,I-E_fwd
CTGCTCCCCGCACCCGCGGGGATGTTCCC,I-E_fwd
CTGCTCCCCGCCTGCGCGGGGATGGTCCC,I-E_fwd
CTGCTCCCCGCGCACGCGGGGATGGACCCG,I-E_fwd
CTGCTCCCCGCGCACGCGGGGATGGTCCC,I-E_fwd
CTGCTCCCCGCGCATGCGGGGGTGATCC,I-C_Fwd_I-E_fwd
CTGCTCCCCGCGCATGCGGGGGTGATCCC,I-E_fwd
CTGCTCCCCGCGCATGCGGGGTTGGTCCC,I-E_fwd
CTGCTCCCCGCGCCCGCAGGGATGGTCCC,I-E_fwd
CTGCTCCCCGCGCCCGCGGGGATGG,I-E_fwd
CTGCTCCCCGCGCCCGCGGGGATGGTCCC,I-E_fwd
CTGCTCCCCGCGCCTGCGGGGATGGACCC,I-E_fwd
CTGCTCCCCGCGCCTGCGGGGTTGGTCCC,I-E_fwd
CTGCTCCCCGCGCGTGCGGGGATGGACCCG,I-E_fwd
CTGCTCCCCGCGCGTGCGGGGTTGGTC,I-E_fwd
CTGCTCCCCGCGTGCGCGGGGATGGACCCG,I-E_fwd
CTGCTCTCCGCGCGAGCGGAGGTGAACCG,I-E_fwd
CTGCTGCCAGCCGGTGAGCATGGCGCCGGAGG,I-E_fwd
CTGGCGGTCGCCCTCCGGGGCGACCGAGGATCGCAAC,I-C_Fwd
CTGGCGGTCGCCCTTCGGGGCAGCCGAGGATCGCAAC,I-C_Fwd
CTGGCGGTCGCCCTTCGGGGCGGCCGAGGATCGCAAC,I-C_Fwd
CTGTTCCCCATATGTATGGGGATAAACCG,I-E_fwd
CTGTTCCCCGCACACGCGGGGGTGATCC,I-C_Fwd
CTGTTCCCCGCACCCGCGGGGATGAACCG,I-E_fwd
CTGTTCCCCGCACGTGCGGGGGTGATCC,I-C_Fwd
CTGTTCCCCGCCCATGCGGGGATGAACCG,I-E_fwd
CTGTTCCCCGCCCGCGCGGGGATGAACCG,I-E_fwd
CTGTTCCCCGCCTACGCGGGGATGAACCG,I-E_fwd
CTGTTCCCCGCGCAGGCGGGGGTGATCC,I-C_Fwd
CTGTTCCCCGCGCCCGCGGGGATGAACCG,I-E_fwd
CTGTTCCCCGCGCGAGCGGGGATAAACCG,I-E_fwd
CTGTTCCCCGCGTCCGCGGGGATGAACCG,I-E_fwd
CTGTTCCCCGCGTGAGCGGGGATGAACCG,I-E_fwd
CTGTTCCCCGTGAGTACGGGGATAAACCG,I-E_fwd
CTTAACTGCCGCACAGGCAGCTTAGAAA,I-F_Fwd
CTTCACCATCGCATAGATGGCTTAGAAA,I-F_Fwd
CTTCACCGCCACACAGGCGGCTTAGAAA,I-F_Fwd
CTTCACGACCGCACAGGTCGCTTAGAAA,I-F_Fwd
CTTCACTACCGCACAGGTAGCTTAGAAA,I-F_Fwd
CTTCACTGCCACACAGGCAGCTTAGAAA,I-F_Fwd
CTTCACTGCCGAATAGGCAGCTCAGAAA,I-F_Fwd
CTTCACTGCCGAATAGGCAGCTTAGAAA,I-F_Fwd
CTTCACTGCCGAGTAGGCAGCTCAGAAA,I-F_Fwd
CTTCACTGCCGAGTAGGCAGCTTAGAAA,I-F_Fwd
CTTCACTGCCGCACAGGCAGCTTAGAAA,I-F_Fwd
CTTCACTGCCGCATAGGCAGCTCAGAAA,I-F_Fwd
CTTCACTGCCGCATAGGCAGCTTAGAAA,I-F_Fwd
CTTCACTGCCGCCCAGGCAGCTAAGAAA,I-F_Fwd
CTTCACTGCCGCGTAGGCAGCTCAGAAA,I-F_Fwd
CTTCACTGCCGTACAGGCAGCTCAGAAA,I-F_Fwd
CTTCACTGCCGTATAGGCAGCTAAGAAA,I-F_Fwd
CTTCACTGCCGTATAGGCAGCTCAGAAA,I-F_Fwd
CTTCACTGCCGTATAGGCAGCTTAGAAA,I-F_Fwd
CTTCACTGCCGTGTAGGCAGCTAAGAAA,I-F_Fwd
CTTCACTGCCGTGTAGGCAGCTTAGAAA,I-F_Fwd
CTTCATCACCGCTCAGGTGACTTAGAAA,I-F_Fwd
CTTGTATCAAATCCGCTTACATCAAGCGATGTCAAA,I-C_Fwd
CTTTACTGCCGAGCAGGCAGCTTAGAAA,I-F_Fwd
CTTTACTGCCGCATAGGCAGCTTAGAAA,I-F_Fwd
CTTTACTGCCGTACAGGCAGCTTAGAAA,I-F_Fwd
CTTTTCCCCACACACGTGGGGTTGAACCG,I-E_fwd
GAACTACACCCGTGCAAAATTGCAGGGGTCTAAAAC,I-C_Fwd
GAACTACACCCTGGCTGAAAGTCAGGGTCTAAAAC,I-C_Fwd
GACCTCCCCGCCGACGCGGGGGTGTTCCG,I-E_fwd
GAGCTCCCCGCGCCAGCGGGGATAAACCG,I-E_fwd
GAGGTCTCCGTAGGTACGGAGATAAACCG,I-E_fwd
GAGTCAGCGTACCAAAATCCCCGTAAGGGGACTGAAAC,I-C_Fwd
GAGTTCCCCACAAGCGTGGGGATGAACCG,I-E_fwd
GAGTTCCCCACATGCGTGGGGATGAACC,I-E_fwd
GAGTTCCCCACGCCAGCGGGGATAAACCG,I-E_fwd
GAGTTCCCCACGTCAGCGGGGATAAACCG,I-E_fwd
GAGTTCCCCGCAGATGCGGGGATGAACCG,I-E_fwd
GAGTTCCCCGCCCCAGCGGGGATAAACCG,I-E_fwd
GAGTTCCCCGCGCCAGCGGGGATAAACCG,I-E_fwd
GAGTTCCCCGCGCCTGCGGGGATAAACCG,I-E_fwd
GAGTTCCCCGCGCCTGCGGGGATGATCCG,I-E_fwd
GAGTTCCCCGCGCGAGCGGGGATAAACCG,I-E_fwd
GAGTTCCCCGCGTCAGCGGGGATAAACCG,I-E_fwd
GAGTTCCCTGTAGGTACAGGGATATACCG,I-E_fwd
GATTCGTCCGTTAGCAATAACGGACGTGGATTGAAAC,I-C_Fwd
GCACCGCCCGCCTTCACCGGCGGGCGTGGGTTGAAAC,I-C_Fwd
GCAGCCACCTCCACGTGGCTGTGAGTTGAAAC,I-C_Fwd
GCAGCCACCTCCGCGTGGCTGTGAGTTGAAAC,I-C_Fwd
GCAGCCACCTCCGGGTGGCTGTGAGTTGAAAC,I-C_Fwd
GCAGCCACCTTCGGGTGGCTGTGAGTTGAAAC,I-C_Fwd
GCAGCCACCTTCGGGTGGCTGTGTGTTGAAAC,I-C_Fwd
GCAGCCACCTTCGGGTGGCTGTGTGTTGAAACA,I-C_Fwd
GCAGCCACCTTCGGGTGGCTGTGTGTTGAAAT,I-C_Fwd
GCAGCCACGTTCGCGTGGCTGTGAGTTGAAAC,I-C_Fwd
GCAGCCGCCTCCGCGCGGCTGTGTGTTGAAAC,I-C_Fwd
GCAGCCGCCTTCGGGCGGCTGTGTGTTGAAAC,I-C_Fwd
GCAGCGCTGGCCCTCACGGGCCAGCGAGGATCGCAAC,I-C_Fwd
GCAGCGCTGGCCCTCCGGGGCCAGCGAGGATCGCAAC,I-C_Fwd
GCAGCGGCGGGCCTTGCCCGCCGCTGAGGATCGGAAC,I-C_Fwd
GCAGCTACCTGTAGGTGGCTGAGAGTTGAAAC,I-C_Fwd
GCAGCTACCTTCGCGTAGCTGTGAGTTGAAAC,I-C_Fwd
GCAGCTACCTTCGTGTAGCTGTGAGTTGAAAC,I-C_Fwd
GCATCGCCCGTCAGTAATGGCGGGCGTGGATTGAAAC,I-C_Fwd
GCCAGCCGCCTTCAGGCGGCTGTGTGTTGAAAC,I-C_Fwd
GCCCTGTGCGGGCGCGTGGGTTGAAAC,I-C_Fwd
GCCGCCTTCGGGCGGCTGTGTGTTGAAAC,I-C_Fwd
GCCGTGGCTTCCCTACCGATTTCCCCGTGGTAGGCT,II-C_Br-fwd
GCCGTGGCTTCCCTGCCGATTTCCCTGTGGTAGGCT,II-C_Br-fwd
GCCTTCAGGCGGCTGTGTGTTGAAAC,I-C_Fwd
GCGGCGCCGGGCTTTGCTCGGCGCCGAGGATCGGAAC,I-C_Fwd
GCGGTGTTGTTGGTGAATGTACAGTTCGTCACAGTTAAA,I-C_Fwd
GCGTTCCCCACGGGCGTGGGGATGAACCG,I-E_fwd
GCGTTCCCCGCACACGCGGGGATGAACCG,I-E_fwd
GCGTTCCCCGCACCAGCGGGGCTGAACCG,I-E_fwd
GCGTTCCCCGCACCCGCGGGGATGAACCG,I-E_fwd
GCGTTCCCCGCAGGCGCGGGGATGAACCG,I-E_fwd
GCGTTCCCCGCAGGTGCGGGGATGAACC,I-E_fwd
GCGTTCCCCGCAGGTGCGGGGATGAACCG,I-E_fwd
GCGTTCCCCGCGCCAGCGGGGATAAACCG,I-E_fwd
GCGTTCCCCGCGCCCGCGGGGATGAACCG,I-E_fwd
GCTATACGTTCCTTACAAAATCGGCTAAAATAAAAT,II-C_Br-fwd
GCTATACGTTCCTTACAAAATCGGCTAAAATTAAAT,II-C_Br-fwd
GCTGCGCCCGGCACTCGCGCCGGGCGAGGATCGCAAC,I-C_Fwd
GCTGCGCCCGGCCACCGCGCCGGGCGAGGATCGCAAC,I-C_Fwd
GCTGCGCCCGGCCCTCGCGCCGGGCGAGGATCGCAAC,I-C_Fwd
GCTGCGCCCGGCCTCCGCGCCGGGCGAGGATCGCAAC,I-C_Fwd
GCTGCGGATTGCGGCCGTCTCTCGATTTGCTACTCT,II-C_Br-fwd
GCTGGGGTTCAGTTCTCAAAAACCCTGATAGACTTC,II-C_Br-fwd
GCTGTAAGTTCTTATGCAAAGTTACTAAAATGAAAGCAAATCACAAC,I-C_Fwd
GCTGTCCCCACTCAGGTGGGGGTGAACCG,I-E_fwd
GCTTCCTATCACATAGATAGTTTAGAAA,I-F_Fwd
GCTTCCTATCGCATAGATAGTTTAGAAA,I-F_Fwd
GGAAGAGTTGTAAGTTGGTTATAATCTAAATACAAC,I-C_Fwd
GGCGGCGCCGGGCTTTGCTCGGCGCCGAGGATCGGAAC,I-C_Fwd
GGCGGTCGCCCCCCGGGGCGACCGAGGATCGCAAC,I-C_Fwd
GGTCAGGCTCGTAAGAGCCTGTGGATCGAAAC,I-C_Fwd
GGTTTTAGAGCTGTGTTGTTTCGAATGGTTCCAAAAC,II-C_fwd
GGTTTTAGAGTCATGTTGTTTAGAATGGTACCAAAAC,II-C_fwd
GTAGCGCCCAGCGAACTGGCTGGGCGAGGATTGAAAC,I-C_Fwd
GTAGTCCCCACACGCGTGGGGATGGCCCG,I-E_fwd
GTAGTCCCCACGCATGTGGGGATGGCCCG,I-E_fwd
GTATCGCCCGGCCCAACGGCCGGGCGCGGATTGAAAC,I-C_Fwd
GTATTCCCCACGCAAGTGGGGGTGATCC,I-E_fwd
GTATTCCCCACGCATGTGGGGGTGAACCG,I-E_fwd
GTATTCCCCACGTATGTGGGGGTGATCCT,I-E_fwd
GTATTCCCCACGTTCGTGGGGATGAACCG,I-E_fwd
GTATTCCCCATGTATGTGGGGGTGATCCT,I-E_fwd
GTATTCCCCCCGTGTGCGGGGGTTATCGG,I-E_fwd
GTATTCCCCGCCTATGCGGGGGTGAGCCC,I-E_fwd
GTATTCCCCGCGCAAGCGGGGATGGTCC,I-E_fwd
GTATTCCCCGCGCAAGCGGGGATGGTCCC,I-E_fwd
GTATTCCCCGCGCCAGCGGGGATAAACCG,I-E_fwd
GTATTCCCCGTAGGTACGGGGATAAACCG,I-E_fwd
GTCAAGCTCTTTCGCGGAGCTTGTGGATCTAAAT,I-C_Fwd
GTCACACCCGGCCGAAAGGCCGGGTGAGGATTGAAAC,I-C_Fwd
GTCACAGTCTGCGAGGACTGTGTGGATTGAAAT,I-C_Fwd
GTCACATCTCGCAGAGATGTGAGAGTAGAAAT,I-C_Fwd
GTCACCACCTTGCGGGTGGTGTGGATTGAAAT,I-C_Fwd
GTCACCCTCCTCACGGAGGGTGCGGATTGAAAT,I-C_Fwd
GTCACCGCCCTTGTGGCGGTGAGGATTGAAAT,I-C_Fwd
GTCACCGCTTGCGTATGCGGTGTGGATCGAAAT,I-C_Fwd
GTCACCTCCTACACGGAGGTGTGGATTGAAAT,I-C_Fwd
GTCACGCCCACACGGGCGTGGGAGTAGAAAT,I-C_Fwd
GTCACGCCCTCACGGGCGTGCTAGTTGAAAC,I-C_Fwd
GTCACGCTCCACGTGAGCGTGTGAGTTGAAAT,I-C_Fwd
GTCACTCCCCGCATGGGGAGTGCGGGTTGAAAT,I-C_Fwd
GTCACTCCTTATGTGGGAGTGTGGATTGAAAC,I-C_Fwd
GTCACTCGCTACGCGCGAGTGTGGATTGAAAC,I-C_Fwd
GTCACTCTCTGTATAGAGAGTGTGGATTGAAAT,I-C_Fwd
GTCACTCTCTGTATAGGGAGTGTGGATTGAAAT,I-C_Fwd
GTCACTCTCTGTATGGAGAGTGTGGATTGAAAT,I-C_Fwd
GTCAGAGTACCAAAATCCCCGTAAGGGGACTGAAAC,I-C_Fwd
GTCAGCGTACCAAAATCCCCGTAAGGGGACTGAAAC,I-C_Fwd
GTCAGCTTCCGCGAGGGGGCTGTGGATTGAAAT,I-C_Fwd
GTCATACCGCGCGAGCGGTATGTGGATTGAAAT,I-C_Fwd
GTCATAGTTCCCTCACAAGCCTCGATGTGGTATGAT,II-C_Br-fwd
GTCATCCACGGCTTCCGAGCCGTGGCCCCATTGAAGC,I-C_Fwd
GTCATGCCCCGCGAGGGGCATGGGAGTAGAAAT,I-C_Fwd
GTCCGACCCGCACGCGCAGGTATCAACCG,I-E_fwd
GTCCGACCCGCACGCGCAGGTATCGACCG,I-E_fwd
GTCCGCCCCGCCCGCGCGGGGATGAGCCC,I-E_fwd
GTCCGCCCCGCCGACGCGGGGGTGCTCCG,I-E_fwd
GTCCGCCCCGCGCAAGCGGGGGTGAGCC,I-E_fwd
GTCCGCCCCGCGCTGCGGGGGTGAGCCG,I-E_fwd
GTCCGCTCCGCGCACGCGGAGATGTTCCG,I-E_fwd
GTCCGCTCCGCGCAGGCGGAGGTGAGCC,I-E_fwd
GTCCGCTCCGCTCGCGCGGAGGTCACCCG,I-E_fwd
GTCCGCTCCGTACGCACGGAGGTGAGCCG,I-E_fwd
GTCCGGTCCGGGTGTGCGAGGGACGGCCG,I-E_fwd
GTCCTCCCCACCAACGTGGGGGTGTTCCG,I-E_fwd
GTCCTCCCCACCGCGTGGGGGTGTTCCG,I-E_fwd
GTCCTCCCCACGCACGTGGGGGTGCT,I-E_fwd
GTCCTCCCCACGCACGTGGGGGTGCTCC,I-C_Fwd
GTCCTCCCCACGCACGTGGGGGTGCTCCG,I-E_fwd
GTCCTCCCCACGCACGTGGGGGTGCTCCGC,I-E_fwd
GTCCTCCCCACGCACGTGGGGGTGTTCCG,I-E_fwd
GTCCTCCCCACGCACGTGGGGTGCTCCG,I-E_fwd
GTCCTCCCCACGCCCGTGGGGGTGAGCCG,I-E_fwd
GTCCTCCCCACGCCCGTGGGGGTGATCCG,I-E_fwd
GTCCTCCCCGCACACGCGGGGCTGTTCC,I-E_fwd
GTCCTCCCCGCAGGCGCGGGGGTCAGCCG,I-E_fwd
GTCCTCCCCGCCCGCGCGGGGGTGTTCCG,I-E_fwd
GTCCTCCCCGCCGACGCGGGGGTGATCCG,I-E_fwd
GTCCTCCCCGCCGACGCGGGGGTGCTCCG,I-E_fwd
GTCCTCCCCGCCGACGCGGGGGTGTTCCG,I-E_fwd
GTCCTCCCCGCCGACGCGGGGGTGTTCCGTGCT,I-E_fwd
GTCCTCCCCGCCGATGCGGGGGTGTTCCG,I-E_fwd
GTCCTCCCCGCCGCCGCGGGGGTGTTCCG,I-E_fwd
GTCCTCCCCGCGAGCGCGGGGGTCAGCCG,I-E_fwd
GTCCTCCCCGCGCCCGCGGGGGTCAGCCG,I-E_fwd
GTCCTCCCCGCGCGAGCGGGGGTCTACCG,I-E_fwd
GTCCTCCCCGCGCTCGCGGGGCTGTTCCC,I-E_fwd
GTCCTCTCCGCGCGAGCGGAGGTACCCCG,I-E_fwd
GTCCTCTCCGCGCGAGCGGAGGTGAGCC,I-E_fwd
GTCCTCTCCGCGCGAGCGGAGGTGAGCCG,I-E_fwd
GTCCTTCCCGCACACGCGGGGGTGATCC,I-E_fwd
GTCCTTCCCGCACATGCGGGGGTGATCCT,I-E_fwd
GTCGAAGCCCTTGCGGCTTCGTGGATTGAAAT,I-C_Fwd
GTCGAAGCCTATACGGCTTCGTGGATTGAAAT,I-C_Fwd
GTCGAAGCCTATGCGGCTTCGTGGATTGAAAT,I-C_Fwd
GTCGAAGCCTTTGCGGCTTCGTGGATTGAAAT,I-C_Fwd
GTCGACCCCGCACCCGCGGGGATGGTCC,I-E_fwd
GTCGACCCCGCGTGAGCGGGGATGAGCC,I-E_fwd
GTCGAGGCCCGCGAGGGCCTTGTGGATTGAAAT,I-C_Fwd
GTCGAGGCTCGCGAGAGCCTTGTGGATCGAA,I-C_Fwd
GTCGAGGCTCGCGAGAGCCTTGTGGATTGAAAT,I-C_Fwd
GTCGAGGCTCGTGAGAGCCTTGTGGATTGAAAT,I-C_Fwd
GTCGAGGCTTACGTAGCCTCGTGGATTGAAAT,I-C_Fwd
GTCGCAAGCTACACGCTTGCGTGGATTGAAAT,I-C_Fwd
GTCGCACCCCTCGCGGGTGCGTGGATTGAAATA,I-C_Fwd
GTCGCACCCTCACGGGTGCGTGGATTGAAAC,I-C_Fwd
GTCGCACCCTCATGCAGGGCGCGGGGATTGAAAT,I-C_Fwd
GTCGCACCCTGCGTGGGTGCGTGGATTGAAACA,I-C_Fwd
GTCGCACCCTTCGCGGGTGCGTGGATTGAAAT,I-C_Fwd
GTCGCACCTCACACGAGGTGCGTGGATTGAAAC,I-C_Fwd
GTCGCACCTCATATAGGTGCGTGGATTGAAAT,I-C_Fwd
GTCGCACCTCTCGCGGGGTGCGTGGATTGAAAT,I-C_Fwd
GTCGCACCTTACGTAGGTGCGTGGATTTAAAT,I-C_Fwd
GTCGCACCTTATATAGGTGCATGGATTGAAAT,I-C_Fwd
GTCGCACCTTATATAGGTGCGAGGATTGAAAT,I-C_Fwd
GTCGCACCTTATATAGGTGCGTGGATTGAAAT,I-C_Fwd
GTCGCACCTTGTACGGGTGCGTGGATTGAAAC,I-C_Fwd
GTCGCACTCTACATGAGTGCGTGGATTGAAAT,I-C_Fwd
GTCGCACTCTTAGTGAGTGCGTGGATTGAAAT,I-C_Fwd
GTCGCACTCTTCGTGAGTGCGTGGGTTGAAAT,I-C_Fwd
GTCGCAGTCCACGTGACTGCGTGAATTGAAAT,I-C_Fwd
GTCGCAGTCTACGTGACTGCGTGAATTGAAAT,I-C_Fwd
GTCGCATCCCGCATGGGATGCGTGGATTGAAAT,I-C_Fwd
GTCGCATCCCGTGTGGATGCGTGGATTGAAAT,I-C_Fwd
GTCGCATCCGGATCTTCGGGTGCGTGGATTGAAAT,I-C_Fwd
GTCGCATCGCTCACGCGGTGCGTGGATTGAAAT,I-C_Fwd
GTCGCATCGTTTGCGTACGATGCGTGGATTGAAAT,I-C_Fwd
GTCGCATCTTGTGAGAAGCGTGAGTTGAAAT,I-C_Fwd
GTCGCATTGCTCACGCGGTGCGTGGATTGAAAT,I-C_Fwd
GTCGCCCCCCACGCGGGGGCGTGGATCGAAAC,I-C_Fwd
GTCGCCCCCCTCGCGGGGGCGCGGATCGAAAC,I-C_Fwd
GTCGCCCCCTACGCGGGGGCGTGGATCGAAAC,I-C_Fwd
GTCGCCCCCTTCGCGGGGGCGTGGATCGAAAC,I-C_Fwd
GTCGCCCCTCGCGCAGGGGCGTGGATCGAAAC,I-C_Fwd
GTCGCCCGGCTCATGCGAGTCGGGCGTGGATTGAAAC,I-C_Fwd
GTCGCCCTCCACACGGAGGGCGTGGATAGAAAT,I-C_Fwd
GTCGCCTCCCGCGCGGAGGCGTGGATAGAAAC,I-C_Fwd
GTCGCGCCCCACGCGGGCGCGTGGATAGAAAC,I-C_Fwd
GTCGCGCCCCACGCGGGCGCGTGGGTTGAAAC,I-C_Fwd
GTCGCGCCCCGCGTGGGCGCGTGGGTTGAAA,I-C_Fwd
GTCGCGCCCCGCGTGGGCGCGTGGGTTGAAAC,I-C_Fwd
GTCGCGCCCCGCTCGGGGCGTGCGGATAGAAAC,I-C_Fwd
GTCGCGCCCCGTGCGGGCGCGTGGGTTGAAAC,I-C_Fwd
GTCGCGCCCCTCGCGGGCGCGTGGATCGAAAC,I-C_Fwd
GTCGCGCCCGGCTTCCATGCCGGGCGAGGGTTGAAAC,I-C_Fwd
GTCGCGCCCTCACGGGCGCGTGGATTGAAAC,I-C_Fwd
GTCGCGCCCTGTGCGGGCGCGTGGGTTGAAAC,I-C_Fwd
GTCGCGCCGCGCATGCGGCGTGTGGATTGAAAC,I-C_Fwd
GTCGCGCTCTTCACGGGCGCGTGGGTTGAAAC,I-C_Fwd
GTCGCGTCCCTCGCGGACGCGTGGGTTGAAAC,I-C_Fwd
GTCGCGTCCTCACGGGCGCGTGGATTGAAAC,I-C_Fwd
GTCGCGTCCTCACGGGCGCGTGGGTTGAAAC,I-C_Fwd
GTCGCGTCCTTCACGGGCGCGCGGATAGAAAC,I-C_Fwd
GTCGCTCCCCACGCGGGAGCGTGGATCGAAAC,I-C_Fwd
GTCGCTCCCCATCCGGGGAGCGTGGATTGAAAT,I-C_Fwd
GTCGCTCCCCCCACGGGAGCGTGGATAGAA,I-C_Fwd
GTCGCTCCCCCCACGGGAGCGTGGATAGAAAC,I-C_Fwd
GTCGCTCCCCCCGCGGGGGCGTGGATCGAAAC,I-C_Fwd
GTCGCTCCCCGTGCGGGAGCGTGGATAGAAAC,I-C_Fwd
GTCGCTCCCCGTGCGGGAGCGTGGATCGAAAC,I-C_Fwd
GTCGCTCCCCGTGCGGGGGCGTGGATAGAAAC,I-C_Fwd
GTCGCTCCCTCACGGGGACGTGGATCGAAAC,I-C_Fwd
GTCGCTCCCTTCACGGGAGCGTGGATTGAA,I-C_Fwd
GTCGCTCCCTTCACGGGAGCGTGGATTGAAAT,I-C_Fwd
GTCGCTCCCTTCACGGGGGCGCGGATCGAAAC,I-C_Fwd
GTCGCTCCTCGTGACCGCGAGGAGCGTGGGTTGAAAC,I-C_Fwd
GTCGCTCCTCGTGACCGTGAGGAGCGTGGGTTGAAAC,I-C_Fwd
GTCGCTCTCCGCAAGGAGGGCGTGGATTGAAAC,I-C_Fwd
GTCGCTCTCCGCGAGGAGAGCGTGGATAGAAAT,I-C_Fwd
GTCGCTCTCCTCACGGAGAGCGTGGATTGAAAT,I-C_Fwd
GTCGGAACGACGGCGACGCGGACGATC,I-C_Fwd
GTCGGCCCCGCACCCGCGGGGATGCTCC,I-E_fwd
GTCGGCCCCGCACCTGCGGGGATGGTCC,I-E_fwd
GTCGGCCCCGCACTCGCGGGGATGCTCCC,I-E_fwd
GTCGGCCCCGCGAGCGCGGGGATCCTCC,I-E_fwd
GTCGGCCCCGCGCACGCGGGGATGCTCCG,I-E_fwd
GTCGGCCCCGCGCTCGCGGGGGTTGCTCC,I-E_fwd
GTCGGCGTACCAAAATCCCCGTAAGGGGACTGAAAC,I-C_Fwd
GTCGGGTCCCTCACGGGACCCGTGGATTGAAAT,I-C_Fwd
GTCGTACCTCTTGTGAGGTACGTGAGTTGAAAT,I-C_Fwd
GTCGTCCCCGCACACGCGGGGCTGTTCC,I-E_fwd
GTCGTCCCCGCACCCGCGGGGGTAGTTC,I-E_fwd
GTCGTCCCCGCATGCGCGGGGATCCTCCG,I-E_fwd
GTCGTCCCCGCGAGCGCGGGGCTGGTCC,I-E_fwd
GTCGTCCCCGCGCACGCGGGGCTGGTCC,I-E_fwd
GTCGTCCCCGCGCACGCGGGGCTGTTCCC,I-E_fwd
GTCGTCCCCGCGCACGCGGGGGTGTTCCC,I-E_fwd
GTCGTCCCCGCGCAGGCGGGGGTAATCCG,I-E_fwd
GTCGTCCCCGCGCCCGCGGGGGTAG,I-E_fwd
GTCGTCCCCGCGCCCGCGGGGGTAGTTCC,I-E_fwd
GTCGTCCCCGCGCCCGCGGGGGTTGCTCC,I-E_fwd
GTCGTCCCCGCGCCTGCGGGGCTGT,I-E_fwd
GTCGTCCCCGCGCCTGCGGGGGTTGCTC,I-E_fwd
GTCGTCCCCGCGCGTGCGGGGCTGATCC,I-E_fwd
GTCGTCCCCGCGCGTGCGGGGCTGATCCC,I-E_fwd
GTCGTCCCCGCGCGTGCGGGGTTGGTCCC,I-E_fwd
GTCGTCCCTCATGCGAGGGACGTGGATTGAAAT,I-C_Fwd
GTCGTCTATTCCTTAGATATGTCAGATAACTAAAAC,II-C_Br-fwd
GTCGTGCCCTGTACGGGCACGTGGATTGAAAC,I-C_Fwd
GTCGTGCCCTTCGCGGGCACGGTAGTTGAAAC,I-C_Fwd
GTCTAGCCTCCCTGAGGCTAGTGGATCTAAAT,I-C_Fwd
GTCTAGCCTCCCTGAGGCTAGTGGATTTAAAT,I-C_Fwd
GTCTAGCCTCTCCTGAGGCTAGTGGATCTAAAT,I-C_Fwd
GTCTAGCTCTGTATAGAGCTAGTGGATTGAAAT,I-C_Fwd
GTCTAGCTCTGTATAGAGCTAGTGGATTGAAATT,I-C_Fwd
GTCTAGCTCTGTATAGAGCTAGTGGATTTAAAT,I-C_Fwd
GTCTAGCTCTGTATAGAGCTAGTGGATTTAAATA,I-C_Fwd
GTCTAGCTCTGTTTAGAGCTAGTGGATTGAAAT,I-C_Fwd
GTCTCACTCTAATATGGAGTGAGTGGATTGAAAT,I-C_Fwd
GTCTCACTCTAATCTAGAGTGAGTGGATTGAAAT,I-C_Fwd
GTCTCACTCTATTATGGAGTGAGTGGATTGAAAT,I-C_Fwd
GTCTCACTCTATTTAGAGTGAGTGGATTGAAAT,I-C_Fwd
GTCTCACTCTATTTGAGTGAGTGGATTGAAAT,I-C_Fwd
GTCTCACTCTGTTATGGAGTGAGTGGATTGAAAT,I-C_Fwd
GTCTCACTCTTTATTGAGTGAGTGGATTGAAAT,I-C_Fwd
GTCTCAGGTAGATGTCAGATCAATCAGTTCAAGAGC,II-A_Br-fwd_II-C_Br-fwd
GTCTCCACCCTCGCGGTGGAGTGGATTGAAAT,I-C_Fwd
GTCTCCACCCTCGTGGTGGAGTGGATTGAAAT,I-C_Fwd
GTCTCCCCCGGCCTCCGGGCCGGGGGCGGATTGAAAC,I-C_Fwd
GTCTCCCCTCGCGAGAGGGGAGTGGATTGAAAT,I-C_Fwd
GTCTCCCTCTGCGAGGAGGGAGTGGATTGAAAT,I-C_Fwd
GTCTCCGTCCTCGCGGGCGGAGTGGGTTGAAAT,I-C_Fwd
GTCTCTTCTCGTATGAGGAGAGTGGATTGAAAT,I-C_Fwd
GTCTGCCCCGCGCGAGCGGGGATGAGCC,I-E_fwd
GTCTGCCCCGCGCGAGCGGGGGTGAGCC,I-E_fwd
GTCTGCCCCGCGTGTGCATGGGTGGTTCC,I-E_fwd
GTCTTCCCCACACCCGTGGGGGTGTTTC,I-E_fwd
GTCTTCCCCACGCACGTGGGGGTGTTTC,I-E_fwd
GTCTTCCCCACGCCCGTGGGGGTGTTTC,I-E_fwd
GTCTTCCCCGCATGCGCGGGGGTGAGCC,I-E_fwd
GTCTTCCCCGCCCGCGCGGGGGTGTTCCG,I-E_fwd
GTCTTCCCCGCCGACGCGGGGGTGTTCC,I-E_fwd
GTCTTCCCCGCGCGAGCGGGGGTGGTCC,I-E_fwd
GTCTTCCCCGCGCGAGCGGGGGTGGTCCG,I-E_fwd
GTGAACCACCGTGTAGGTGGCTTAGAAG,I-F_Fwd
GTGAACTGCCGCATAGGCAGCTTAGAAA,I-F_Fwd
GTGACGGTCGCCCTCCGGGGCGGCCGAGGATCGCAAC,I-C_Fwd
GTGATCCACCGTGTAGGTGGCTTAGAAG,I-F_Fwd
GTGATCCACCGTGTAGGTGGTTTAGAAG,I-F_Fwd
GTGATCCCCACGCGCGTGGGGGTGAACCG,I-E_fwd
GTGATCCCCGCGCCAGCGGGGATGAACCG,I-E_fwd
GTGCACTGCCGTACAGGCAGCTTAGAAA,I-F_Fwd
GTGCACTGCCGTACAGGCAGCTTAGAAG,I-F_Fwd
GTGCGCTCCGCGGAGGCGGAGGTGAGCC,I-E_fwd
GTGCGCTGCCGCCCAGGCAGCTCAGAAA,I-F_Fwd
GTGCGGCCCGGGCGCGCAGGGGGTGACCG,I-E_fwd
GTGCTCCCCGCACCCGCGGGGATGGTCCC,I-E_fwd
GTGCTCCCCGCAGGCGCGGGGCTGATCCC,I-E_fwd
GTGCTCCCCGCCCGCGCGGGGATGGTCCC,I-E_fwd
GTGCTCCCCGCCGACGCGGGGGTGAACCG,I-E_fwd
GTGCTCCCCGCCGACGCGGGGGTGTTCCG,I-E_fwd
GTGCTCCCCGCCTACGCGGGGGTGAGTCC,I-E_fwd
GTGCTCCCCGCGAATGCGGGGATGATCC,I-E_fwd
GTGCTCCCCGCGCAAGCGGGGATGATCC,I-E_fwd
GTGCTCCCCGCGCACGCGGGGATGATCCC,I-E_fwd
GTGCTCCCCGCGCACGCGGGGATGGTCCC,I-E_fwd
GTGCTCCCCGCGCACGCGGGGATGGTCCCG,I-E_fwd
GTGCTCCCCGCGCAGCGGGGATGAGCC,I-E_fwd
GTGCTCCCCGCGCAGGCGGGGGTGGACCG,I-E_fwd
GTGCTCCCCGCGCAGGCGGGGGTGGTCCG,I-E_fwd
GTGCTCCCCGCGCATGCGGGGGTGGTCCC,I-E_fwd
GTGCTCCCCGCGCCAGCGGGGATGAGCCG,I-E_fwd
GTGCTCCCCGCGCCCGCGGGGCTGTTCC,I-E_fwd
GTGCTCCCCGCGCCCGCGGGGCTGTTCCC,I-E_fwd
GTGCTCCCCGCGCGAGCGGGGATGATCC,I-E_fwd
GTGCTCCCCGCGCGAGCGGGGATGATCCC,I-E_fwd
GTGCTCCCCGCGCGAGCGGGGATGGTCC,I-E_fwd
GTGCTCCCCGCGCGAGCGGGGGTGG,I-E_fwd
GTGCTCCCCGCGCGAGCGGGGGTGGTCCG,I-E_fwd
GTGCTCCCCGCGCGTGCGGGGATGAGCC,I-E_fwd
GTGCTCCCCGCGCGTGCGGGGCTGGTCCC,I-E_fwd
GTGCTCCCCGCGCTCGCGGGGATGAGCC,I-E_fwd
GTGCTCCCCGCGTAAGCGGGGATGAGCCC,I-E_fwd
GTGCTCCCCGCGTAGACGGGGATGATCCG,I-E_fwd
GTGCTCCCCGCGTCAGCGGGGATGAGCC,I-E_fwd
GTGCTCCCCGCGTGAGCGGGGATGAGCC,I-E_fwd
GTGCTCCCCGCGTGAGCGGGGATGAGCCC,I-E_fwd
GTGCTCTCCACGCACGTGGAGGTGGTCCG,I-E_fwd
GTGCTCTCCGCGCGAGCGGAGGTGAACCG,I-E_fwd
GTGCTCTCCGCGCGAGCGGAGGTGAACCGG,I-E_fwd
GTGCTCTCCGCGCGAGCGGAGGTGACCCG,I-E_fwd
GTGCTCTCCGCGCGAGCGGAGGTGAGCCG,I-E_fwd
GTGCTCTCCGCGCGAGCGGAGGTGATCCG,I-E_fwd
GTGCTCTCCGCGCGAGCGGAGGTGGGTCG,I-E_fwd
GTGCTCTCCGCGCGAGCGGAGGTGGTCCG,I-E_fwd
GTGCTCTCCGCGGAGGCGGAGGTGAGCCG,I-E_fwd
GTGCTCTCCGCGGGAGCGGAGGTGAGCCG,I-E_fwd
GTGCTCTCCGCGGGAGCGGAGGTGGTCCG,I-E_fwd
GTGCTCTGCCGTACAGGCAGCTTAGAAA,I-F_Fwd
GTGGCGGTCACCTCTCGGGGCGACCGAGGATCGCAAC,I-C_Fwd
GTGGCGGTCGCCCCCCGGGGCGACCGAGGATCGCAAC,I-C_Fwd
GTGGCGGTCGCCCTCCGGGGCGACCGAGGATCGCAAC,I-C_Fwd
GTGGCGGTCGCCCTCCGGGGTGGCCGAGGATCGCAAC,I-C_Fwd
GTGGCGGTCGCCCTTCGGGACGACCGAGGATCGCAAC,I-C_Fwd
GTGGCGGTCGCCTCCCGGGGCGACCGAGGATCGCAAC,I-C_Fwd
GTGGCGGTCGTCCTTCGGGACGACCGAGGATCGCAAC,I-C_Fwd
GTGGCGGTCGTCTTCAGGGACGACCGAGGATCGCAAC,I-C_Fwd
GTGGTCCCCACGCGTGTGGGGGTGAACC,I-E_fwd
GTGGTCCCCACGCGTGTGGGGGTGAACCG,I-E_fwd
GTGGTCCCCGCACACGCGGGGATGGTCC,I-E_fwd
GTGGTCCCCGCACAGGCGGGGGTGTTCCG,I-E_fwd
GTGGTCCCCGCACATGCGGGGGTGGTCCC,I-E_fwd
GTGGTCCCCGCGAGGGCGGGGGTGTTCC,I-E_fwd
GTGGTCCCCGCGCACGCGGGGATGAG,I-E_fwd
GTGGTCCCCGCGCACGCGGGGATGAGCCC,I-E_fwd
GTGGTCCCCGCGCACGCGGGGATGAGTC,I-E_fwd
GTGGTCCCCGCGCACGCGGGGATGGCCCC,I-E_fwd
GTGGTCCCCGCGCACGCGGGGATGGTCCC,I-E_fwd
GTGGTCCCCGCGCACGCGGGGATGTTCCC,I-E_fwd
GTGGTCCCCGCGCACGCGGGGCTGGACCC,I-E_fwd
GTGGTCCCCGCGCACGCGGGGCTGTTCCC,I-E_fwd
GTGGTCCCCGCGCACGCGGGGGTGG,I-E_fwd
GTGGTCCCCGCGCACGCGGGGGTGGACCC,I-E_fwd
GTGGTCCCCGCGCACGCGGGGGTGGCCCC,I-E_fwd
GTGGTCCCCGCGCACGCGGGGGTGGTC,I-E_fwd
GTGGTCCCCGCGCACGCGGGGGTGGTCC,I-E_fwd
GTGGTCCCCGCGCACGCGGGGGTGGTCCC,I-E_fwd
GTGGTCCCCGCGCACGCGGGGGTGGTCCCC,I-E_fwd
GTGGTCCCCGCGCACGCGGGGGTGTTCCC,I-E_fwd
GTGGTCCCCGCGCAGGCGGGGATGAGCC,I-E_fwd
GTGGTCCCCGCGCAGGCGGGGATGAGCCC,I-E_fwd
GTGGTCCCCGCGCAGGCGGGGGTGTTCCG,I-E_fwd
GTGGTCCCCGCGCATGCGGGGATGGTCC,I-E_fwd
GTGGTCCCCGCGCATGCGGGGGTGGTCC,I-E_fwd
GTGGTCCCCGCGCATGCGGGGGTGGTCCC,I-E_fwd
GTGGTCCCCGCGCATGCGGGGTTGGTCCC,I-E_fwd
GTGGTCCCCGCGCGAGCGGGGGTGTTCCG,I-E_fwd
GTGGTCCCCGCGCGGGCGGGGGTGGTTCCG,I-E_fwd
GTGGTCCCCGCGCGTGCGGGGCTGTTCCC,I-E_fwd
GTGGTCCCCGCGCGTGCGGGGGTGTTCCC,I-E_fwd
GTGGTCCCCGCGCGTGCGGGGTTGGTCCC,I-E_fwd
GTGGTCTCCGCGCGAGCGGAGGTGGTCCG,I-E_fwd
GTGTACTGCCGCATAGGCAGCTTAGAAA,I-F_Fwd
GTGTACTGCCGTATAGGCAGCTTAGAAA,I-F_Fwd
GTGTCCCCCGCGGATGCGGGGATGATCCG,I-E_fwd
GTGTTCCCCACATGCGTGGGGATGAACCG,I-E_fwd
GTGTTCCCCACGCAGGTGGGGATGAGCCC,I-E_fwd
GTGTTCCCCACGCCAGCGGGGATAAACCG,I-E_fwd
GTGTTCCCCACGCCCGTGGGGATGAACCG,I-E_fwd
GTGTTCCCCACGCGAGCGGGGATAAACCG,I-E_fwd
GTGTTCCCCACGCGAGTGGGGATAAACCG,I-E_fwd
GTGTTCCCCACGGGCGTGGGGATGAACCG,I-E_fwd
GTGTTCCCCACGGGTGTGGGGATGAACCG,I-E_fwd
GTGTTCCCCACGTCAGCGGGGATAAACCG,I-E_fwd
GTGTTCCCCACGTGCGTGGGGATGAACCG,I-E_fwd
GTGTTCCCCACGTGCGTGGGGTTAAACCG,I-E_fwd
GTGTTCCCCATATGCATGGGGATAAACCG,I-E_fwd
GTGTTCCCCGCAAGCGCGGGGATGATCCC,I-E_fwd
GTGTTCCCCGCACACGCGGGGATGAACCG,I-E_fwd
GTGTTCCCCGCACACGCGGGGATGATCCC,I-E_fwd
GTGTTCCCCGCACCAGCGGGGATAAACCG,I-E_fwd
GTGTTCCCCGCACCCGCGGGGCTGAACCG,I-E_fwd
GTGTTCCCCGCACCTGCGGGGATGAACCG,I-E_fwd
GTGTTCCCCGCAGGCGCGGGGATGAACCG,I-E_fwd
GTGTTCCCCGCAGGTGCGGGGATGAACCG,I-E_fwd
GTGTTCCCCGCATACGCGGGGATGATCCC,I-E_fwd
GTGTTCCCCGCATGCGCGGGGATGAACCG,I-E_fwd
GTGTTCCCCGCATGCGCGGGGATGATCCC,I-E_fwd
GTGTTCCCCGCCTGCGCGGGGATGAACCG,I-E_fwd
GTGTTCCCCGCGAATGCGGGGATGAGCC,I-E_fwd
GTGTTCCCCGCGAGAGCGGGGATAAACCG,I-E_fwd
GTGTTCCCCGCGAGAGCGGGGATGAACCG,I-E_fwd
GTGTTCCCCGCGAGCGCGGGGATGAACCG,I-E_fwd
GTGTTCCCCGCGCACGCGGGGATGACCCG,I-E_fwd
GTGTTCCCCGCGCAGGCGGGGATGAACCG,I-E_fwd
GTGTTCCCCGCGCATGCGGGGATGAACCG,I-E_fwd
GTGTTCCCCGCGCCAGCGGGGATAAACCG,I-E_fwd
GTGTTCCCCGCGCCAGCGGGGATGAACCG,I-E_fwd
GTGTTCCCCGCGCCCGCGGGGATGAACCG,I-E_fwd
GTGTTCCCCGCGCCTGCGGGGATGAACCG,I-E_fwd
GTGTTCCCCGCGCGAGCGGGGATAAACCG,I-E_fwd
GTGTTCCCCGCGCGAGCGGGGATGAACCG,I-E_fwd
GTGTTCCCCGCGCTAGCGGGGATAAACCG,I-E_fwd
GTGTTCCCCGCGCTCGCGGGGATGAACCG,I-E_fwd
GTGTTCCCCGCGGGAGCGGGGATGAACCG,I-E_fwd
GTGTTCCCCGCGTAGGCGGGGGTGATCC,I-E_fwd
GTGTTCCCCGCGTATGCGGGGATAAACCG,I-E_fwd
GTGTTCCCCGCGTATGCGGGGATGAACCG,I-E_fwd
GTGTTCCCCGCGTCAGCGGGGATAAACCG,I-E_fwd
GTGTTCCCCGCGTCCGCGGGGTTAAACCG,I-E_fwd
GTGTTCCCCGCGTGAGCGGGGATAAACCG,I-E_fwd
GTGTTCCCCGCGTGAGCGGGGATGAACCG,I-E_fwd
GTGTTCCCCGCGTGGGCGGGGATGAACCG,I-E_fwd
GTGTTCCCCGCGTGTGCGGGGATGAACCG,I-E_fwd
GTGTTCCCCGCTCGCGCGGGGATGAACCG,I-E_fwd
GTGTTCCCCGTAAGCACGGGGATAAACCG,I-E_fwd
GTGTTCCCCGTAAGTACGGGGATAAACCG,I-E_fwd
GTGTTCCCCGTACCTACGGGGATAAACCG,I-E_fwd
GTGTTCCCCGTACGCACGGGGCTAAACCG,I-E_fwd
GTGTTCCCCGTAGGTACGGGGATAAACCG,I-E_fwd
GTGTTCCCCGTATACACGGGGATAAA,I-E_fwd
GTGTTCCCCGTATGCACGGGGATAAACCG,I-E_fwd
GTGTTCCCCGTATGCACGGGGATGAACCG,I-E_fwd
GTGTTCCCCGTGAGTACGGGGATAAACCG,I-E_fwd
GTGTTCCCCGTGAGTGCGGGGATAAACCG,I-E_fwd
GTGTTCCCCGTGCCAGCGGGGATAAACCG,I-E_fwd
GTGTTCCCCGTGCCCACGGGGATGAACCG,I-E_fwd
GTGTTCCCCGTGTATACGGGGATGAACCG,I-E_fwd
GTGTTCCCTATACACATAGGGATAAACCG,I-E_fwd
GTGTTCCCTGCGCCAGCGGGGATAAACCG,I-E_fwd
GTGTTCCCTGCGCCCGCAGGGATGAACCG,I-E_fwd
GTGTTCTCCACGCACGTGGAGGTGGTCCG,I-E_fwd
GTTAACAGCCGCACAGGCTGCTTAGAAA,I-F_Fwd
GTTAACCATCGTATAGATGGCTTAGAAA,I-F_Fwd
GTTAACCGCCACATAGGCGGCTTAGAAA,I-F_Fwd
GTTAACCGCCGCGTAGGCGGCTTAGAAA,I-F_Fwd
GTTAACTACCGTATAGGTAGTTTAGAAA,I-F_Fwd
GTTAACTACCGTATAGGTAGTTTAGAAAA,I-F_Fwd
GTTAACTGCCGCACAGGCAGCTTAGAAA,I-F_Fwd
GTTAACTGCCGCATAGGCAGCTTAGAAA,I-F_Fwd
GTTAACTGCCGTACAGGCAGCTTAGAAA,I-F_Fwd
GTTAACTGCCGTATAGGCAGCTTAGAAA,I-F_Fwd
GTTAACTGCCGTGTAGGCAGCTTAGAAA,I-F_Fwd
GTTACCTGCCGCATAGGCAGCTTAGAAA,I-F_Fwd
GTTACTCATCGCCCAGATGATTTAGAAA,I-F_Fwd
GTTAGCTGCCGCCCAGGCAGCTCAGAAA,I-F_Fwd
GTTAGCTGCGGCACACGCAGCTTAGAAA,I-F_Fwd
GTTATAGTTCCTAGTAAATTCTCGATATGCTATAAT,II-C_Br-fwd
GTTATCCGCCGAGTAGGCGGTTTAGAAG,I-F_Fwd
GTTATCCGCCGCGTAGGCGGTTTAGAAG,I-F_Fwd
GTTATCCGCCGTGTAGGCGGCTTAGAAG,I-F_Fwd
GTTATGGTACCCTGTAAAATTATGTAGTAGTAGAAC,II-C_Br-fwd
GTTCAACATCGTATAGATGGCTTAGAAA,I-F_Fwd
GTTCACCATCGTGTAGATGGCTTAGAAA,I-F_Fwd
GTTCACCGCCACACAGGCGGCTTAGAAA,I-F_Fwd
GTTCACCGCCGCACAGGCGGCTTAGAAA,I-F_Fwd
GTTCACCGCCGCATAGGCGGCTTAGAAAT,I-F_Fwd
GTTCACGGCCATACAGGCCGCTTAGAAA,I-F_Fwd
GTTCACGGCGGTACACGCCATTTAGAAA,I-F_Fwd
GTTCACTACCGCATAGGTAGCTTAGAAA,I-F_Fwd
GTTCACTACCGTATAGGTAGCTTAGAAA,I-F_Fwd
GTTCACTACCGTGTAGGTAGCTTAGAAA,I-F_Fwd
GTTCACTACCGTGTAGGTAGTTTAGAAA,I-F_Fwd
GTTCACTGCCAAGTAGGCAGCTTAGAAA,I-F_Fwd
GTTCACTGCCACACAGGCAGCTTAGAAA,I-F_Fwd
GTTCACTGCCACATAGGCAGCTTAGAAA,I-F_Fwd
GTTCACTGCCACGCAGGCAGCTTAGAAA,I-F_Fwd
GTTCACTGCCAGATAGGCAGCTTAGAAA,I-F_Fwd
GTTCACTGCCATACAGGCAGCTTAGAAA,I-F_Fwd
GTTCACTGCCATATAGGCAGCTTAGAAA,I-F_Fwd
GTTCACTGCCATGCAGGCAGCTTAGAAA,I-F_Fwd
GTTCACTGCCATGTAGGCAGCTTAGAAA,I-F_Fwd
GTTCACTGCCGAACAGGCAGCTTAGAAA,I-F_Fwd
GTTCACTGCCGAATAGGCAGCTTAGAAA,I-F_Fwd
GTTCACTGCCGAGTAGGCAGCTAAGAAA,I-F_Fwd
GTTCACTGCCGAGTAGGCAGCTCAGAAA,I-F_Fwd
GTTCACTGCCGAGTAGGCAGCTTAGAAA,I-F_Fwd
GTTCACTGCCGCACAGGCAGCTCAGAAA,I-F_Fwd
GTTCACTGCCGCACAGGCAGCTTAGAAA,I-F_Fwd
GTTCACTGCCGCACAGGCAGTTTAGAAA,I-F_Fwd
GTTCACTGCCGCACAGGTAGCTTAGAAA,I-F_Fwd
GTTCACTGCCGCATAGGCAGCTCAGAAA,I-F_Fwd
GTTCACTGCCGCATAGGCAGCTCAGAAG,I-F_Fwd
GTTCACTGCCGCATAGGCAGCTTAGAAA,I-F_Fwd
GTTCACTGCCGCATAGGCAGCTTAGAAG,I-F_Fwd
GTTCACTGCCGCCCAGGCAGCTTAGAAA,I-F_Fwd
GTTCACTGCCGCGCAGGCAGCTTAGAAA,I-F_Fwd
GTTCACTGCCGCGTAGGCAGCTCAGAAA,I-F_Fwd
GTTCACTGCCGGACAGGCAGCTCAGAAA,I-F_Fwd
GTTCACTGCCGGACAGGCAGCTTAGAAA,I-F_Fwd
GTTCACTGCCGGATAGGCAGCTCAGAAA,I-F_Fwd
GTTCACTGCCGGATAGGCAGCTTAGAAA,I-F_Fwd
GTTCACTGCCGGGCAGGCAGCTTAGAAA,I-F_Fwd
GTTCACTGCCGGGTAGGCAGCTCAGAAA,I-F_Fwd
GTTCACTGCCGTACAGGCAGCTAAGAAA,I-F_Fwd
GTTCACTGCCGTACAGGCAGCTTAGAAA,I-F_Fwd
GTTCACTGCCGTACAGGCAGCTTAGAAG,I-F_Fwd
GTTCACTGCCGTATAGGCAGCTAAGAAA,I-F_Fwd
GTTCACTGCCGTATAGGCAGCTCAGAAA,I-F_Fwd
GTTCACTGCCGTATAGGCAGCTTAGAAA,I-F_Fwd
GTTCACTGCCGTATAGGCAGCTTAGAAG,I-F_Fwd
GTTCACTGCCGTATAGGTAGCTTAGAAA,I-F_Fwd
GTTCACTGCCGTGCAGGCAGCTTAGAAA,I-F_Fwd
GTTCACTGCCGTGCAGGCAGTTAAGAAA,I-F_Fwd
GTTCACTGCCGTGTAGGCAGCTAAGAAA,I-F_Fwd
GTTCACTGCCGTGTAGGCAGCTCAGAAA,I-F_Fwd
GTTCACTGCCGTGTAGGCAGCTTAGAAA,I-F_Fwd
GTTCACTGCCGTGTAGGTAGTTTAGAAA,I-F_Fwd
GTTCACTGCCTTACAGGCAGCTTAGAAA,I-F_Fwd
GTTCAGGGCGACATACGCCATTTAGAAA,I-F_Fwd
GTTCATCATCGTGTAGATGATTTAGAAA,I-F_Fwd
GTTCATCGCCGCACAGGCGATTGAGAAG,I-F_Fwd
GTTCATGACGGCATACGTCATTTAGAAA,I-F_Fwd
GTTCATGGCGACATACGCCACTTAGAAA,I-F_Fwd
GTTCATGGCGACATACGCCATTTAGAAA,I-F_Fwd
GTTCATGGCGGCATACGCCATTTAGAAA,I-F_Fwd
GTTCATGGCGGCATACGCCATTTAGAAATT,I-F_Fwd
GTTCATGGCGGTACACGCCATTTAGAAA,I-F_Fwd
GTTCATGGCGGTATACGCCATTTAGAAA,I-F_Fwd
GTTCATGGCGGTATACGCCATTTAGAAAT,I-F_Fwd
GTTCCCTGCCGAATAGGCAGCTTAGAAA,I-F_Fwd
GTTCCCTGCCGTACAGGCAGCTTAGAAA,I-F_Fwd
GTTCCGATTCCCCACCATCGGAAAGTTCGATAGCATC,II-C_Br-fwd
GTTCCGGCCAGTGCGCATATCCCAGTGATCTAGAAT,II-C_Br-fwd
GTTCGCCATCGCATAGATGGTTTAGAAA,I-F_Fwd
GTTCGCTGCCGAGTAGGCAGCTCAGAAA,I-F_Fwd
GTTCGCTGCCGCACAGGCAGCTCAGAAA,I-F_Fwd
GTTCGCTGCCGCACAGGCAGCTTAGAAA,I-F_Fwd
GTTCGCTGCCGCATAGGCAGCTCAGAAA,I-F_Fwd
GTTCGCTGCCGCCCAGGCAGCTCAGAAA,I-F_Fwd
GTTCGCTGCCGCGCAGGCAGCTCAGAAA,I-F_Fwd
GTTCGCTGCCGCGTAGGCAGCTAAGAAA,I-F_Fwd
GTTCGCTGCCGCGTAGGCAGCTCAGAAA,I-F_Fwd
GTTCGCTGCCGCGTAGGCAGCTGAGAAA,I-F_Fwd
GTTCGCTGCCGCGTAGGCAGCTGAGAAG,I-F_Fwd
GTTCGCTGCCGCGTAGGCAGCTTAGAAA,I-F_Fwd
GTTCGCTGCCGTGCAGGCAGCTTAGAAA,I-F_Fwd
GTTCGTCATCGCATAGATGATTTAGAAA,I-F_Fwd
GTTCGTCATCGCCCAGATGATTTAGAAA,I-F_Fwd
GTTCGTCATCGCCTAGATGATTTAGAAA,I-F_Fwd
GTTCGTCATCGCTTAGATGATTTAGAAA,I-F_Fwd
GTTCGTCATCGTATAGATGATTTAGAAA,I-F_Fwd
GTTCGTCATCGTGTAGATGATTTAGAAA,I-F_Fwd
GTTCTCCCCGCGCAGGCGGGGGTGATCCG,I-E_fwd
GTTCTCCCCGCGCAGGCGGGGGTGGTCCG,I-E_fwd
GTTCTCCCCGCGCGAGCGGGGGTGGTCCG,I-E_fwd
GTTCTCCCCGCGTGAGCGGGGCTGGTCC,I-C_Fwd
GTTCTCTCCGCGCAGGCGGAGGTGGTCCG,I-E_fwd
GTTCTCTCCGCGCGAGCGGAGGTGGTCCG,I-E_fwd
GTTCTCTGCCGGATGGGCAGCTTAGAAA,I-F_Fwd
GTTCTCTGCCGTATAGGCAGCTTATAAA,I-F_Fwd
GTTCTTCATCGCATAGATGATTTAGAAA,I-F_Fwd
GTTCTTCATCGCATAGATGATTTAGAAAT,I-F_Fwd
GTTGACTACCGTATAGGTAGTTTAGAAG,I-F_Fwd
GTTGCAGGTTGACCAGAAAAATTAATCAGGTATAAT,II-C_Br-fwd
GTTGCCGCTAGACCACGATCTCTAACTAGCTATTCT,II-C_fwd
GTTGCCGCTGGACCGCGATCTCTGAACAGCTATGGT,II-C_Br-fwd
GTTGCCGCTGGACCGCGATCTCTGAGCGGTTATGAT,II-C_fwd
GTTGCGGCTGGACCCCGATCCCCCAGCGGCTACAAT,II-C_Br-fwd
GTTGCGGCTGGACCGCGAATTTTGAACAGCTACAAT,II-C_fwd
GTTGCGGCTGGACCGCGTTTTCTGATCTGCTAAGCT,II-C_fwd
GTTGCGGCTGGACCTCGAATTCTGAACAGCTAAACT,II-C_fwd
GTTGCGGCTTGACCGCATTTTCTAATCTGTTACAA,II-C_fwd
GTTGCGGCTTGACCGCATTTTCTAATCTGTTACAAC,II-C_fwd
GTTGCGGTTGGACCACAATTCTTCTTCTGCTAAAAT,II-C_Br-fwd
GTTGGATTACCAGTCAGAACGACACTGCTCCAAAAC,I-C_Fwd
GTTGGCCCCGCACGCGCGGGGATGATCCG,I-E_fwd
GTTGGCTGCCGCCCAGGCAGCTCAGAAA,I-F_Fwd
GTTGTAAGTCCCGGTTATTGCTTGGTATGTTATAAT,II-C_fwd
GTTGTAATTCCCTGTTATCACTTGGTATGGTATAAT,II-C_Br-fwd
GTTGTAGCTCCCATTCTCATTTCGCAGTGCTACAAT,II-C_fwd
GTTGTAGCTCCCTTTCTCATTTCGCAGTGCTACAAT,I-C_Fwd_II-C_Br-fwd
GTTGTAGCTCCCTTTTTCATTTCGCAGTGCTATAAT,II-C_Br-fwd
GTTGTAGCTTCCTCTCTTATCTCGTAGTGTTACAAT,II-C_Br-fwd
GTTGTAGTTCCCTCTCTCATTTCGCAGTGCTACAAT,II-C_Br-fwd
GTTGTAGTTCCCTTTCTCACTTCGCAATGCTACAAT,II-C_fwd
GTTGTCCCCACACGCGTGGGGGTGAACCG,I-E_fwd
GTTGTGAATTGCTTTCAAAAATTATTATCTTCGTGATGAAGAACAAC,II-C_fwd
GTTGTGAATTGCTTTCAAAAATTATTATCTTCGTGATTAGTCACAGC,II-C_Br-fwd
GTTGTGAATTGCTTTCAAAATGAGGTATCTTTGATATCAGTAACAAC,II-C_Br-fwd
GTTGTGAATTGCTTTCAAAATTGTATTTTAGCTTATAATTACCAAC,II-C_Br-fwd
GTTGTGAATTGCTTTCAAAATTGTATTTTAGCTTATAATTCCCAAC,II-C_fwd
GTTGTGAATTGCTTTCAAAATTGTATTTTTAGTGATAATTCACAGG,II-C_fwd
GTTGTGAATTGCTTTCAAATTTTGTAGTTTTGCGATTGATAACAAC,II-C_Br-fwd
GTTGTGAATTGCTTTCAAATTTTGTAGTTTTGTGATTGATAACAAC,II-C_fwd
GTTGTGAATTGCTTTCAATTTTCACTATCTTTGTGATA,II-C_fwd
GTTGTGAATTGCTTTCAATTTTTACTATCTTTGTGATAGTTCGCAAC,II-C_fwd
GTTGTGAATTGCTTTCAGTTCTTTAAATTTATGGATGATTCACAGG,II-C_fwd
GTTGTGAATTGCTTTCATTTTTCCGTATCTTTGAGATACAACACAAC,II-C_Br-fwd
GTTGTGAATTGCTTTCATTTTTCGAATTAACTTTGGTCTTTGACAAC,II-C_fwd
GTTGTGAATTGCTTTCATTTTTGAGTATCTTTGAGATATAACACAAC,II-C_fwd
GTTGTGAATTGCTTTCATTTTTGAGTATCTTTGAGATATTACACAAC,II-C_fwd
GTTGTGAGTACCCTTCAAAATGTGATACTTCCCAAC,II-C_fwd
GTTGTGAGTTCCTTTCAATTTGGTATATTTATCAAAGTAATTACAAC,II-C_fwd
GTTGTGAGTTGCTTTCAAATTCGTAACTTTGTGACCTCAAACAAC,II-C_fwd
GTTGTGATTACCCTCCAAAATGAGAGCAGTTCCAAC,II-C_fwd
GTTGTGATTTGATTTCTTTTTAAAAAGTGATATAAT,II-C_fwd
GTTGTGATTTGCTTGAAAACTCGTACATTTGCAGTATCGCCAACAAC,II-C_fwd
GTTGTGATTTGCTTGAAAATATGTACCTTTGTGGTAGCAACAACAAC,II-C_fwd
GTTGTGATTTGCTTGAAAATATGTACCTTTGTGGTAGCAACAACAACTT,II-C_fwd
GTTGTGATTTGCTTTCAAATTAGTATCTTTGAACCATTGGAAACAGC,II-C_fwd
GTTGTGATTTGCTTTCATCCTTTGAACTACTGATATTTACAACAAC,II-C_Br-fwd
GTTGTGATTTGCTTTCATTCTTTGATTTACTGATATTAGGCACAGC,II-C_fwd
GTTGTGGTTTGATGTAGAGAAACGATATAATACAAC,II-C_fwd
GTTGTGGTTTGATGTAGGAATCAAAAGATA,II-C_Br-fwd
GTTGTGGTTTGATTAAAGATTAGAAAAAACGATATT,II-C_Br-fwd
GTTGTGGTTTGATTAAAGATTAGAAAACACGATATT,II-C_Br-fwd
GTTGTGGTTTGATTAAAGATTAGAGAACACGATATT,II-C_Br-fwd
GTTGTGGTTTGATTAAAGATTGGAAACAACGATATT,II-C_fwd
GTTGTTAGATAGCAAAAATTACGAGGGTAACACAAC,II-A_Br-fwd
GTTGTTCATCGCATAGATGATTTAGAAA,I-F_Fwd
GTTTAAGAGTTATGTAAATTTAAATAGGTATAAAAC,II-A_Br-fwd
GTTTACCCCGCATGCGCGGGGATGATCCG,I-E_fwd
GTTTACTACCGTATAGGTAGCTTAGAAA,I-F_Fwd
GTTTACTGCCGCATAGGCAGCTTAGAAA,I-F_Fwd
GTTTCAGTTGCTGAATTATTTGGTAAACTACTGTTAG,II-C_Br-fwd
GTTTGAGAATGATGTAATTTCATATAGGTATTAAAC,II-A_Br-fwd
GTTTGAGAGCGTTGTTAATTCAGAAGGATATCAAGC,II-A_Br-fwd
GTTTGAGAGTAATGTTATTTTAAATAGATTCAAAAC,II-C_fwd
GTTTGAGAGTTATGTAATTTATGCACTAGGTAAAAC,II-A_fwd
GTTTGAGAGTTATGTAATTTCATATAGGACTAAAAC,II-A_Br-fwd
GTTTGAGAGTTGTGTAATTTAAGATGGATCTCAAAC,II-A_Br-fwd
GTTTGCCATCGCATAGATGGTTTAGAAG,I-F_Fwd
GTTTGCCATCGCCCAGATGGTTTAGAAG,I-F_Fwd
GTTTGCCCCGCACGCGCGGGGATGATCCG,I-E_fwd
GTTTGCCCCGCATGCGCGGGGATGATCCG,I-E_fwd
GTTTGCTGCCGGATAGGCAGCTTAGAAA,I-F_Fwd
GTTTGTAGGGTACCTATGAGGGATCGAAAC,I-C_Fwd
GTTTGTAGGGTGCCTATGAGGAATCGAAAC,I-C_Fwd
GTTTGTCATCGTATAGATGATTTAGAAA,I-F_Fwd
GTTTGTCATCGTGTAGATGATTTAGAAA,I-F_Fwd
GTTTGTCATCGTTTAGATGATTTAGAAA,I-F_Fwd
GTTTTAACTACTTATTATGAAATGTAAAT,II_A_outlier-fwd
GTTTTAGAAGAGTGTTAAATCAATGAGTTTAGAACC,II-C_fwd
GTTTTAGAAGGTTGTCTATTCAATAAGGTTTAACCC,II-A_fwd
GTTTTAGAAGGTTGTTAAATCAGTAAGTTGAAAAAC,II-A_Br-fwd_II-C_Br-fwd
GTTTTAGAGCTATGCTGATTTGAATGCTTCCAAAAC,II-A_fwd_II-C_fwd
GTTTTAGAGCTATGCTGTTTTGAATGCTTCCAAAAC,II-A_Br-fwd
GTTTTAGAGCTATGCTGTTTTGAATGGTCCCAAAAC,II-A_Br-fwd_II-C_Br-fwd
GTTTTAGAGCTATGTTATTTTGAATGATTCCAAAAC,I-C_Fwd_II-A_Br-fwd
GTTTTAGAGCTATGTTATTTTGAATGCTAACAAAAC,II-A_Br-fwd
GTTTTAGAGCTATGTTATTTTGAATGCTACCAAAAC,II-A_fwd_II-C_fwd
GTTTTAGAGCTATGTTGTTTTGAATGCTTCCAAAAC,II-A_Br-fwd
GTTTTAGAGCTATGTTGTTTTGAATGGTCCCAAAAC,II-A_Br-fwd
GTTTTAGAGCTGTGCTGTTTCGAATGGTCCCAAAAC,II-C_fwd
GTTTTAGAGCTGTGCTGTTTCGAATGGTTCCAAAAC,II-A_Br-fwd_II-C_Br-fwd
GTTTTAGAGCTGTGTTATTTTGAATGGTCCCAAAAC,II-A_fwd
GTTTTAGAGCTGTGTTGATTTGAATGGTTACAAAAC,II-A_fwd
GTTTTAGAGCTGTGTTGTTTCGAATGGTTCCAAAA,II-C_fwd
GTTTTAGAGCTGTGTTGTTTCGAATGGTTCCAAAAC,II-A_Br-fwd_II-C_Br-fwd
GTTTTAGAGCTGTGTTGTTTCGAATGGTTCCAAAACT,II-C_fwd
GTTTTAGAGTCATGTTGTTTAGAATGGTACCAAAAC,II-A_fwd_II-C_fwd
GTTTTAGAGTCATGTTGTTTAGAATGGTACCAAAACC,II-C_fwd
GTTTTAGAGTCATGTTGTTTAGAATGGTACCAAAACT,II-A_fwd_II-C_fwd
GTTTTAGAGTTATGCTGTATTGAATGGTTCCAAAAC,II-C_fwd
GTTTTAGATGATTGTTAGATCAATGAGGTTTAGATC,II-A_fwd_II-C_fwd
GTTTTAGATGATTGTTAGATCAATGATGATTAGAAC,II-A_Br-fwd
GTTTTAGATGGTTGTTAGATCAATAAGGTTTAGATC,II-A_fwd
GTTTTAGCACTATGTTTATTTAGAAAGAAGTAAAAC,II-C_fwd
GTTTTAGCACTATGTTTATTTAGAAAGAGGTAAAAC,II-C_Br-fwd
GTTTTAGCACTGTACAATACTTGTGTAAGCAATAAC,II-A_Br-fwd_II-C_Br-fwd
GTTTTAGTACTCTGTAATTTTAGGTATAAGTGATTC,II-C_Br-fwd
GTTTTAGTACTCTGTAATTTTAGGTATGAGGTA,II-C_Br-fwd
GTTTTAGTCCCTTTTTAAATTTCTTTATGGTAAAAT,II-C_Br-fwd
GTTTTAGTGTTGTACAATATTTGGGTAAACAATAAC,II-A_Br-fwd
GTTTTAGTTACTTATTGTGAAATGTAAAT,II_A_outlier-fwd
GTTTTAGTTACTTATTTTGAAATGTAAAT,II_A_outlier-fwd
GTTTTCTGCCGCATAGGCAGCTTAGAAA,I-F_Fwd
GTTTTGGTACCATTCTAAACAACATGACTCTAAAACA,II-C_fwd
GTTTTGGTACCATTCTAAACAACATGACTCTAAAACT,II-C_fwd
GTTTTGGTGTAGTATCATTCTTATGTATTCTTAAAC,II-C_Br-fwd
GTTTTGTTACCATATGATTTTTTGCTAGAATAAGAC,II-A_Br-fwd
GTTTTTCATCGTATAGATGATTTAGAAA,I-F_Fwd
GTTTTTGTACTCTCAAGATTTAAGTAACAGTAAAAC,II-C_fwd
GTTTTTGTACTCTCAAGATTTAAGTAACCGTAAAAC,II-A_Br-fwd
GTTTTTGTACTCTCAAGATTTAAGTAACTGTAAAAC,II-A_Br-fwd_II-C_Br-fwd
GTTTTTGTACTCTCAAGATTTAAGTAACTGTACAAC,II-A_Br-fwd_II-C_Br-fwd
GTTTTTGTGCTGTACAATTTCTTACTAGAGTAAAAC,II-A_Br-fwd
TCAGCCACCTGGCGTGGCTGTGTGTTGAAAC,I-C_Fwd
TCAGCCGCCTCTAGGCGGCTGTGTGTTGAAAC,I-C_Fwd
TCAGCCGCCTTCAGGCGGCTGTGTGTTGAAAC,I-C_Fwd
TCAGCCGCCTTCGGGCGGCTGTGTGTTGAAAC,I-C_Fwd
TCCAGCCGCCTTCGGGCGGCTGTGTGTTGAAAC,I-C_Fwd
TCCCCGCACACGCGGGGGTGATCC,I-C_Fwd
TCCTCCCCGCCGACGCGGGGGTGTTCCG,I-E_fwd
TCGCACCCCATGCGGGTGCGTGGATTGAAAT,I-C_Fwd
TCTAGCTCTGTTTAGAGCTAGTGGATTGAAATAA,I-C_Fwd
TGGCGGTCGCCCTCCGGGGCGACCGAGGATCGCAAC,I-C_Fwd
TTCCCCACGGGTGTGGGGATGAACCG,I-E_fwd
TTCCTATCGCATAGATAGCTTAGAAA,I-F_Fwd
TTCGCATCTTATATGGATGCGTGGATTGAAAT,I-C_Fwd
TTCTCACCTTGTGTAGGTGAGTGGATTGAAAT,I-C_Fwd
